<?xml version="1.0" encoding="UTF-8"?>
<metadata xml:lang="en"><Esri><CreaDate>20200209</CreaDate><CreaTime>20155900</CreaTime><ArcGISFormat>1.0</ArcGISFormat><SyncOnce>TRUE</SyncOnce><DataProperties><lineage><Process ToolSource="c:\program files (x86)\arcgis\desktop10.5\ArcToolbox\Toolboxes\Data Management Tools.tbx\Merge" Date="20200209" Time="201438">Merge Worldsubdivs_Koppen;US_Climate_Divisions_GCS_NAD_1983 C:\Users\amazroo\Documents\ArcGIS\Default.gdb\Worldsubdivs_Koppen_Merge "FID_koppen "FID_koppen" true true false 10 Long 0 10 ,First,#,Worldsubdivs_Koppen,Worldsubdivs_Koppen.FID_koppen,-1,-1;GRIDCODE "GRIDCODE" true true false 10 Long 0 10 ,First,#,Worldsubdivs_Koppen,Worldsubdivs_Koppen.GRIDCODE,-1,-1;FID_World_ "FID_World_" true true false 10 Long 0 10 ,First,#,Worldsubdivs_Koppen,Worldsubdivs_Koppen.FID_World_,-1,-1;FID_TM_WOR "FID_TM_WOR" true true false 10 Long 0 10 ,First,#,Worldsubdivs_Koppen,Worldsubdivs_Koppen.FID_TM_WOR,-1,-1;FIPS "FIPS" true true false 2 Text 0 0 ,First,#,Worldsubdivs_Koppen,Worldsubdivs_Koppen.FIPS,-1,-1;ISO2 "ISO2" true true false 2 Text 0 0 ,First,#,Worldsubdivs_Koppen,Worldsubdivs_Koppen.ISO2,-1,-1;ISO3 "ISO3" true true false 3 Text 0 0 ,First,#,Worldsubdivs_Koppen,Worldsubdivs_Koppen.ISO3,-1,-1;UN "UN" true true false 10 Long 0 10 ,First,#,Worldsubdivs_Koppen,Worldsubdivs_Koppen.UN,-1,-1;NAME "NAME" true true false 50 Text 0 0 ,First,#,Worldsubdivs_Koppen,Worldsubdivs_Koppen.NAME,-1,-1;AREA "AREA" true true false 10 Long 0 10 ,First,#,Worldsubdivs_Koppen,Worldsubdivs_Koppen.AREA,-1,-1;POP2005 "POP2005" true true false 10 Long 0 10 ,First,#,Worldsubdivs_Koppen,Worldsubdivs_Koppen.POP2005,-1,-1;REGION "REGION" true true false 10 Long 0 10 ,First,#,Worldsubdivs_Koppen,Worldsubdivs_Koppen.REGION,-1,-1;SUBREGION "SUBREGION" true true false 10 Long 0 10 ,First,#,Worldsubdivs_Koppen,Worldsubdivs_Koppen.SUBREGION,-1,-1;LON "LON" true true false 13 Float 0 0 ,First,#,Worldsubdivs_Koppen,Worldsubdivs_Koppen.LON,-1,-1;LAT "LAT" true true false 13 Float 0 0 ,First,#,Worldsubdivs_Koppen,Worldsubdivs_Koppen.LAT,-1,-1;FID_RUS "FID_RUS" true true false 10 Long 0 10 ,First,#,Worldsubdivs_Koppen,Worldsubdivs_Koppen.FID_RUS,-1,-1;GID_0 "GID_0" true true false 80 Text 0 0 ,First,#,Worldsubdivs_Koppen,Worldsubdivs_Koppen.GID_0,-1,-1;NAME_0 "NAME_0" true true false 80 Text 0 0 ,First,#,Worldsubdivs_Koppen,Worldsubdivs_Koppen.NAME_0,-1,-1;GID_1 "GID_1" true true false 80 Text 0 0 ,First,#,Worldsubdivs_Koppen,Worldsubdivs_Koppen.GID_1,-1,-1;NAME_1 "NAME_1" true true false 80 Text 0 0 ,First,#,Worldsubdivs_Koppen,Worldsubdivs_Koppen.NAME_1,-1,-1;VARNAME_1 "VARNAME_1" true true false 129 Text 0 0 ,First,#,Worldsubdivs_Koppen,Worldsubdivs_Koppen.VARNAME_1,-1,-1;NL_NAME_1 "NL_NAME_1" true true false 80 Text 0 0 ,First,#,Worldsubdivs_Koppen,Worldsubdivs_Koppen.NL_NAME_1,-1,-1;TYPE_1 "TYPE_1" true true false 80 Text 0 0 ,First,#,Worldsubdivs_Koppen,Worldsubdivs_Koppen.TYPE_1,-1,-1;ENGTYPE_1 "ENGTYPE_1" true true false 80 Text 0 0 ,First,#,Worldsubdivs_Koppen,Worldsubdivs_Koppen.ENGTYPE_1,-1,-1;CC_1 "CC_1" true true false 80 Text 0 0 ,First,#,Worldsubdivs_Koppen,Worldsubdivs_Koppen.CC_1,-1,-1;HASC_1 "HASC_1" true true false 80 Text 0 0 ,First,#,Worldsubdivs_Koppen,Worldsubdivs_Koppen.HASC_1,-1,-1;FID_IND "FID_IND" true true false 10 Long 0 10 ,First,#,Worldsubdivs_Koppen,Worldsubdivs_Koppen.FID_IND,-1,-1;GID_01 "GID_01" true true false 80 Text 0 0 ,First,#,Worldsubdivs_Koppen,Worldsubdivs_Koppen.GID_01,-1,-1;NAME_01 "NAME_01" true true false 80 Text 0 0 ,First,#,Worldsubdivs_Koppen,Worldsubdivs_Koppen.NAME_01,-1,-1;GID_12 "GID_12" true true false 80 Text 0 0 ,First,#,Worldsubdivs_Koppen,Worldsubdivs_Koppen.GID_12,-1,-1;NAME_12 "NAME_12" true true false 80 Text 0 0 ,First,#,Worldsubdivs_Koppen,Worldsubdivs_Koppen.NAME_12,-1,-1;VARNAME_12 "VARNAME_12" true true false 100 Text 0 0 ,First,#,Worldsubdivs_Koppen,Worldsubdivs_Koppen.VARNAME_12,-1,-1;NL_NAME_12 "NL_NAME_12" true true false 80 Text 0 0 ,First,#,Worldsubdivs_Koppen,Worldsubdivs_Koppen.NL_NAME_12,-1,-1;TYPE_12 "TYPE_12" true true false 80 Text 0 0 ,First,#,Worldsubdivs_Koppen,Worldsubdivs_Koppen.TYPE_12,-1,-1;ENGTYPE_12 "ENGTYPE_12" true true false 80 Text 0 0 ,First,#,Worldsubdivs_Koppen,Worldsubdivs_Koppen.ENGTYPE_12,-1,-1;CC_12 "CC_12" true true false 80 Text 0 0 ,First,#,Worldsubdivs_Koppen,Worldsubdivs_Koppen.CC_12,-1,-1;HASC_12 "HASC_12" true true false 80 Text 0 0 ,First,#,Worldsubdivs_Koppen,Worldsubdivs_Koppen.HASC_12,-1,-1;FID_CHN "FID_CHN" true true false 10 Long 0 10 ,First,#,Worldsubdivs_Koppen,Worldsubdivs_Koppen.FID_CHN,-1,-1;GID_012 "GID_012" true true false 80 Text 0 0 ,First,#,Worldsubdivs_Koppen,Worldsubdivs_Koppen.GID_012,-1,-1;NAME_012 "NAME_012" true true false 80 Text 0 0 ,First,#,Worldsubdivs_Koppen,Worldsubdivs_Koppen.NAME_012,-1,-1;GID_12_13 "GID_12_13" true true false 80 Text 0 0 ,First,#,Worldsubdivs_Koppen,Worldsubdivs_Koppen.GID_12_13,-1,-1;NAME_12_13 "NAME_12_13" true true false 80 Text 0 0 ,First,#,Worldsubdivs_Koppen,Worldsubdivs_Koppen.NAME_12_13,-1,-1;VARNAME_13 "VARNAME_13" true true false 80 Text 0 0 ,First,#,Worldsubdivs_Koppen,Worldsubdivs_Koppen.VARNAME_13,-1,-1;NL_NAME_13 "NL_NAME_13" true true false 80 Text 0 0 ,First,#,Worldsubdivs_Koppen,Worldsubdivs_Koppen.NL_NAME_13,-1,-1;TYPE_12_13 "TYPE_12_13" true true false 80 Text 0 0 ,First,#,Worldsubdivs_Koppen,Worldsubdivs_Koppen.TYPE_12_13,-1,-1;ENGTYPE_13 "ENGTYPE_13" true true false 80 Text 0 0 ,First,#,Worldsubdivs_Koppen,Worldsubdivs_Koppen.ENGTYPE_13,-1,-1;CC_12_13 "CC_12_13" true true false 80 Text 0 0 ,First,#,Worldsubdivs_Koppen,Worldsubdivs_Koppen.CC_12_13,-1,-1;HASC_12_13 "HASC_12_13" true true false 80 Text 0 0 ,First,#,Worldsubdivs_Koppen,Worldsubdivs_Koppen.HASC_12_13,-1,-1;FID_CAN "FID_CAN" true true false 10 Long 0 10 ,First,#,Worldsubdivs_Koppen,Worldsubdivs_Koppen.FID_CAN,-1,-1;GID_012_13 "GID_012_13" true true false 80 Text 0 0 ,First,#,Worldsubdivs_Koppen,Worldsubdivs_Koppen.GID_012_13,-1,-1;NAME_01_13 "NAME_01_13" true true false 80 Text 0 0 ,First,#,Worldsubdivs_Koppen,Worldsubdivs_Koppen.NAME_01_13,-1,-1;GID_12__14 "GID_12__14" true true false 80 Text 0 0 ,First,#,Worldsubdivs_Koppen,Worldsubdivs_Koppen.GID_12__14,-1,-1;NAME_12_14 "NAME_12_14" true true false 80 Text 0 0 ,First,#,Worldsubdivs_Koppen,Worldsubdivs_Koppen.NAME_12_14,-1,-1;VARNAME_14 "VARNAME_14" true true false 80 Text 0 0 ,First,#,Worldsubdivs_Koppen,Worldsubdivs_Koppen.VARNAME_14,-1,-1;NL_NAME_14 "NL_NAME_14" true true false 80 Text 0 0 ,First,#,Worldsubdivs_Koppen,Worldsubdivs_Koppen.NL_NAME_14,-1,-1;TYPE_12_14 "TYPE_12_14" true true false 80 Text 0 0 ,First,#,Worldsubdivs_Koppen,Worldsubdivs_Koppen.TYPE_12_14,-1,-1;ENGTYPE_14 "ENGTYPE_14" true true false 80 Text 0 0 ,First,#,Worldsubdivs_Koppen,Worldsubdivs_Koppen.ENGTYPE_14,-1,-1;CC_12_1_14 "CC_12_1_14" true true false 80 Text 0 0 ,First,#,Worldsubdivs_Koppen,Worldsubdivs_Koppen.CC_12_1_14,-1,-1;HASC_12_14 "HASC_12_14" true true false 80 Text 0 0 ,First,#,Worldsubdivs_Koppen,Worldsubdivs_Koppen.HASC_12_14,-1,-1;FID_Brazil "FID_Brazil" true true false 10 Long 0 10 ,First,#,Worldsubdivs_Koppen,Worldsubdivs_Koppen.FID_Brazil,-1,-1;GID_012_14 "GID_012_14" true true false 80 Text 0 0 ,First,#,Worldsubdivs_Koppen,Worldsubdivs_Koppen.GID_012_14,-1,-1;NAME_01_14 "NAME_01_14" true true false 80 Text 0 0 ,First,#,Worldsubdivs_Koppen,Worldsubdivs_Koppen.NAME_01_14,-1,-1;GID_12__15 "GID_12__15" true true false 80 Text 0 0 ,First,#,Worldsubdivs_Koppen,Worldsubdivs_Koppen.GID_12__15,-1,-1;NAME_12_15 "NAME_12_15" true true false 80 Text 0 0 ,First,#,Worldsubdivs_Koppen,Worldsubdivs_Koppen.NAME_12_15,-1,-1;VARNAME_15 "VARNAME_15" true true false 80 Text 0 0 ,First,#,Worldsubdivs_Koppen,Worldsubdivs_Koppen.VARNAME_15,-1,-1;NL_NAME_15 "NL_NAME_15" true true false 80 Text 0 0 ,First,#,Worldsubdivs_Koppen,Worldsubdivs_Koppen.NL_NAME_15,-1,-1;TYPE_12_15 "TYPE_12_15" true true false 80 Text 0 0 ,First,#,Worldsubdivs_Koppen,Worldsubdivs_Koppen.TYPE_12_15,-1,-1;ENGTYPE_15 "ENGTYPE_15" true true false 80 Text 0 0 ,First,#,Worldsubdivs_Koppen,Worldsubdivs_Koppen.ENGTYPE_15,-1,-1;CC_12_1_15 "CC_12_1_15" true true false 80 Text 0 0 ,First,#,Worldsubdivs_Koppen,Worldsubdivs_Koppen.CC_12_1_15,-1,-1;HASC_12_15 "HASC_12_15" true true false 80 Text 0 0 ,First,#,Worldsubdivs_Koppen,Worldsubdivs_Koppen.HASC_12_15,-1,-1;FID_AUS "FID_AUS" true true false 10 Long 0 10 ,First,#,Worldsubdivs_Koppen,Worldsubdivs_Koppen.FID_AUS,-1,-1;GID_012_15 "GID_012_15" true true false 80 Text 0 0 ,First,#,Worldsubdivs_Koppen,Worldsubdivs_Koppen.GID_012_15,-1,-1;NAME_01_15 "NAME_01_15" true true false 80 Text 0 0 ,First,#,Worldsubdivs_Koppen,Worldsubdivs_Koppen.NAME_01_15,-1,-1;GID_12__16 "GID_12__16" true true false 80 Text 0 0 ,First,#,Worldsubdivs_Koppen,Worldsubdivs_Koppen.GID_12__16,-1,-1;NAME_12_16 "NAME_12_16" true true false 80 Text 0 0 ,First,#,Worldsubdivs_Koppen,Worldsubdivs_Koppen.NAME_12_16,-1,-1;VARNAME_16 "VARNAME_16" true true false 80 Text 0 0 ,First,#,Worldsubdivs_Koppen,Worldsubdivs_Koppen.VARNAME_16,-1,-1;NL_NAME_16 "NL_NAME_16" true true false 80 Text 0 0 ,First,#,Worldsubdivs_Koppen,Worldsubdivs_Koppen.NL_NAME_16,-1,-1;TYPE_12_16 "TYPE_12_16" true true false 80 Text 0 0 ,First,#,Worldsubdivs_Koppen,Worldsubdivs_Koppen.TYPE_12_16,-1,-1;ENGTYPE_16 "ENGTYPE_16" true true false 80 Text 0 0 ,First,#,Worldsubdivs_Koppen,Worldsubdivs_Koppen.ENGTYPE_16,-1,-1;CC_12_1_16 "CC_12_1_16" true true false 80 Text 0 0 ,First,#,Worldsubdivs_Koppen,Worldsubdivs_Koppen.CC_12_1_16,-1,-1;HASC_12_16 "HASC_12_16" true true false 80 Text 0 0 ,First,#,Worldsubdivs_Koppen,Worldsubdivs_Koppen.HASC_12_16,-1,-1;FID_ARG "FID_ARG" true true false 10 Long 0 10 ,First,#,Worldsubdivs_Koppen,Worldsubdivs_Koppen.FID_ARG,-1,-1;GID_012_16 "GID_012_16" true true false 80 Text 0 0 ,First,#,Worldsubdivs_Koppen,Worldsubdivs_Koppen.GID_012_16,-1,-1;NAME_01_16 "NAME_01_16" true true false 80 Text 0 0 ,First,#,Worldsubdivs_Koppen,Worldsubdivs_Koppen.NAME_01_16,-1,-1;GID_12__17 "GID_12__17" true true false 80 Text 0 0 ,First,#,Worldsubdivs_Koppen,Worldsubdivs_Koppen.GID_12__17,-1,-1;NAME_12_17 "NAME_12_17" true true false 80 Text 0 0 ,First,#,Worldsubdivs_Koppen,Worldsubdivs_Koppen.NAME_12_17,-1,-1;VARNAME_17 "VARNAME_17" true true false 107 Text 0 0 ,First,#,Worldsubdivs_Koppen,Worldsubdivs_Koppen.VARNAME_17,-1,-1;NL_NAME_17 "NL_NAME_17" true true false 80 Text 0 0 ,First,#,Worldsubdivs_Koppen,Worldsubdivs_Koppen.NL_NAME_17,-1,-1;TYPE_12_17 "TYPE_12_17" true true false 80 Text 0 0 ,First,#,Worldsubdivs_Koppen,Worldsubdivs_Koppen.TYPE_12_17,-1,-1;ENGTYPE_17 "ENGTYPE_17" true true false 80 Text 0 0 ,First,#,Worldsubdivs_Koppen,Worldsubdivs_Koppen.ENGTYPE_17,-1,-1;CC_12_1_17 "CC_12_1_17" true true false 80 Text 0 0 ,First,#,Worldsubdivs_Koppen,Worldsubdivs_Koppen.CC_12_1_17,-1,-1;HASC_12_17 "HASC_12_17" true true false 80 Text 0 0 ,First,#,Worldsubdivs_Koppen,Worldsubdivs_Koppen.HASC_12_17,-1,-1;FID_states "FID_states" true true false 10 Long 0 10 ,First,#,Worldsubdivs_Koppen,Worldsubdivs_Koppen.FID_states,-1,-1;STATE_NAME "STATE_NAME" true true false 25 Text 0 0 ,First,#,Worldsubdivs_Koppen,Worldsubdivs_Koppen.STATE_NAME,-1,-1;DRAWSEQ "DRAWSEQ" true true false 10 Long 0 10 ,First,#,Worldsubdivs_Koppen,Worldsubdivs_Koppen.DRAWSEQ,-1,-1;STATE_FIPS "STATE_FIPS" true true false 2 Text 0 0 ,First,#,Worldsubdivs_Koppen,Worldsubdivs_Koppen.STATE_FIPS,-1,-1;SUB_REGION "SUB_REGION" true true false 20 Text 0 0 ,First,#,Worldsubdivs_Koppen,Worldsubdivs_Koppen.SUB_REGION,-1,-1;STATE_ABBR "STATE_ABBR" true true false 2 Text 0 0 ,First,#,Worldsubdivs_Koppen,Worldsubdivs_Koppen.STATE_ABBR,-1,-1;FID_1 "FID_1" true true false 5 Long 0 5 ,First,#,Worldsubdivs_Koppen,Worldsubdivs_Koppen.FID_1,-1,-1;Cent_LONG "Cent_LONG" true true false 19 Double 0 0 ,First,#,Worldsubdivs_Koppen,Worldsubdivs_Koppen.Cent_LONG,-1,-1;Cent_LAT "Cent_LAT" true true false 19 Double 0 0 ,First,#,Worldsubdivs_Koppen,Worldsubdivs_Koppen.Cent_LAT,-1,-1;MatlabOutput_Global_DeltaET_Annual_mmperyear_txt_FID "FID" true true false 4 Long 0 0 ,First,#,Worldsubdivs_Koppen,MatlabOutput_Global_DeltaET_Annual_mmperyear.txt.FID,-1,-1;MatlabOutput_Global_DeltaET_Annual_mmperyear_txt_DeltaET_Annual_ "DeltaET_Annual_mmperyear" true true false 8 Double 0 0 ,First,#,Worldsubdivs_Koppen,MatlabOutput_Global_DeltaET_Annual_mmperyear.txt.DeltaET_Annual_mmperyear,-1,-1;AREA_1 "AREA_1" true true false 13 Float 0 0 ,First,#,US_Climate_Divisions_GCS_NAD_1983,US_Climate_Divisions_GCS_NAD_1983.AREA,-1,-1;PERIMETER "PERIMETER" true true false 13 Float 0 0 ,First,#,US_Climate_Divisions_GCS_NAD_1983,US_Climate_Divisions_GCS_NAD_1983.PERIMETER,-1,-1;CLIMATE_DI "CLIMATE_DI" true true false 10 Long 0 10 ,First,#,US_Climate_Divisions_GCS_NAD_1983,US_Climate_Divisions_GCS_NAD_1983.CLIMATE_DI,-1,-1;CLIMATE__1 "CLIMATE__1" true true false 10 Long 0 10 ,First,#,US_Climate_Divisions_GCS_NAD_1983,US_Climate_Divisions_GCS_NAD_1983.CLIMATE__1,-1,-1;CDIV_ "CDIV_" true true false 10 Long 0 10 ,First,#,US_Climate_Divisions_GCS_NAD_1983,US_Climate_Divisions_GCS_NAD_1983.CDIV_,-1,-1;NAME_12_13_14 "NAME_12_13_14" true true false 32 Text 0 0 ,First,#,US_Climate_Divisions_GCS_NAD_1983,US_Climate_Divisions_GCS_NAD_1983.NAME,-1,-1;ST "ST" true true false 2 Text 0 0 ,First,#,US_Climate_Divisions_GCS_NAD_1983,US_Climate_Divisions_GCS_NAD_1983.ST,-1,-1;SEQ_ "SEQ_" true true false 10 Long 0 10 ,First,#,US_Climate_Divisions_GCS_NAD_1983,US_Climate_Divisions_GCS_NAD_1983.SEQ_,-1,-1;ST_ "ST_" true true false 5 Long 0 5 ,First,#,US_Climate_Divisions_GCS_NAD_1983,US_Climate_Divisions_GCS_NAD_1983.ST_,-1,-1;DIV_ "DIV_" true true false 5 Long 0 5 ,First,#,US_Climate_Divisions_GCS_NAD_1983,US_Climate_Divisions_GCS_NAD_1983.DIV_,-1,-1;PRE_MEAN "PRE_MEAN" true true false 19 Double 0 0 ,First,#,US_Climate_Divisions_GCS_NAD_1983,US_Climate_Divisions_GCS_NAD_1983.PRE_MEAN,-1,-1;PRE_STD "PRE_STD" true true false 19 Double 0 0 ,First,#,US_Climate_Divisions_GCS_NAD_1983,US_Climate_Divisions_GCS_NAD_1983.PRE_STD,-1,-1;TMP_MEAN "TMP_MEAN" true true false 19 Double 0 0 ,First,#,US_Climate_Divisions_GCS_NAD_1983,US_Climate_Divisions_GCS_NAD_1983.TMP_MEAN,-1,-1;TMP_STD "TMP_STD" true true false 19 Double 0 0 ,First,#,US_Climate_Divisions_GCS_NAD_1983,US_Climate_Divisions_GCS_NAD_1983.TMP_STD,-1,-1;PCT "PCT" true true false 13 Float 0 0 ,First,#,US_Climate_Divisions_GCS_NAD_1983,US_Climate_Divisions_GCS_NAD_1983.PCT,-1,-1;STDIV "STDIV" true true false 10 Long 0 10 ,First,#,US_Climate_Divisions_GCS_NAD_1983,US_Climate_Divisions_GCS_NAD_1983.STDIV,-1,-1;COLOR "COLOR" true true false 10 Long 0 10 ,First,#,US_Climate_Divisions_GCS_NAD_1983,US_Climate_Divisions_GCS_NAD_1983.COLOR,-1,-1;STDIV_ "STDIV_" true true false 10 Long 0 10 ,First,#,US_Climate_Divisions_GCS_NAD_1983,US_Climate_Divisions_GCS_NAD_1983.STDIV_,-1,-1;MatlabOutput_ClimateDivs_DeltaET_Annual_mmperyear_txt_FID "FID" true true false 4 Long 0 0 ,First,#,US_Climate_Divisions_GCS_NAD_1983,MatlabOutput_ClimateDivs_DeltaET_Annual_mmperyear.txt.FID,-1,-1;MatlabOutput_ClimateDivs_DeltaET_Annual_mmperyear_txt_DeltaET_An "DeltaET_Annual_mmperyear" true true false 8 Double 0 0 ,First,#,US_Climate_Divisions_GCS_NAD_1983,MatlabOutput_ClimateDivs_DeltaET_Annual_mmperyear.txt.DeltaET_Annual_mmperyear,-1,-1"</Process></lineage></DataProperties></Esri></metadata>
